"coefficient","value"
"b0",-4.65059376286917
"logsize.t0",0.285960807459375
"a",6.19187324122215
"b",0.265433358693787
