"coefficient","value"
"rec_siz",-8.11453967915257
"rec_sd",1.5800317862366
"max_siz",-3.37849314840198
"min_siz",-10.5966347330961
"fecu_b0",0.442553191489362
