"coefficient","value"
"b0",3.0764347941099
"logsize",0.472378950240713
