"coefficient","value"
"b0",1.59821490452961
"logsize.t0",0.598639487608425
"a",2.42770474270288
"b",-0.39589164715703
