"coefficient","value"
"rec_siz",2.38070917087835
"rec_sd",1.29387398066287
"max_siz",5.76337825337652
"min_siz",-0.341678789258822
"fecu_b0",0.26
