"coefficient","value"
"b0",-1.70631603803847
"logsize",0.822025102764389
