"coefficient","value"
"b0",-3.1713476967221
"logsize.t0",0.479675224551023
"a",17.4826116839861
"b",0.304977249600017
