"coefficient","value"
"rec_siz",-8.17043939654044
"rec_sd",2.01886270777021
"max_siz",-0.547094590605848
"min_siz",-10.5966347330961
"fecu_b0",0.644999999999998
