"coefficient","value"
"b0",4.05111861102501
"logsize",0.516460095733092
